{
    "NUM_SAMPLES": 20,
    "TRANS_ERR_SIGMA": 0.1,
    "ANGLE_ERR_SIGMA": 5,
    "ALPHA_MI": [
        1
    ],
    "ALPHA_GMM": [
        5
    ],
    "ALPHA_POINTS": [
        0
    ],
    "ALPHA_CORR": [
        0
    ],
    "SIGMAS": [
        7.0
    ],
    "MAX_ITERS": 100,
    "SCALES": [
        [
            1.0,
            1.0,
            1.0,
            0.01,
            0.01,
            0.01
        ]
    ],
    "tau_gt": [
        1.211288906926719,
        -1.20624427361082,
        1.2015239475539856,
        -0.02457729,
        -0.06127237,
        -0.3321029
    ]
}