{
	"class_name" : "PinholeCameraParameters",
	"extrinsic" : 
	[
		-0.051278520850924179,
		-0.38397214082101633,
		0.92191968650889922,
		0.0,
		-0.99868344703473844,
		0.018446044110421011,
		-0.047865604305067026,
		0.0,
		0.0013732873530995816,
		-0.9231604078002924,
		-0.3844125070179738,
		0.0,
		-0.12945415246788125,
		1.2511379904682409,
		5.4940997274671215,
		1.0
	],
	"intrinsic" : 
	{
		"height" : 962,
		"intrinsic_matrix" : 
		[
			833.11643844063008,
			0.0,
			0.0,
			0.0,
			833.11643844063008,
			0.0,
			858.0,
			480.5,
			1.0
		],
		"width" : 1717
	},
	"version_major" : 1,
	"version_minor" : 0
}